,median,lower,upper,cases,one,hl-1.0,hl0.0,hl2.0,hl3.0,hl4.0,hl5.0,hl6.0,hl7.0
2020-03-12,1.7434869739478958,0.1002004008016032,4.288577154308617,11.0,1,-1.0,0.0,2.0,3.0,4.0,5.0,6.0,7.0
2020-03-13,3.74749498997996,1.2625250501002003,5.95190380761523,19.0,1,-1.0,0.0,2.0,3.0,4.0,5.0,6.0,7.0
2020-03-14,2.464929859719439,0.781563126252505,3.9879759519038074,21.0,1,-1.0,0.0,2.0,3.0,4.0,5.0,6.0,7.0
2020-03-15,2.3847695390781563,1.1022044088176353,3.5871743486973946,27.0,1,-1.0,0.0,2.0,3.0,4.0,5.0,6.0,7.0
2020-03-16,2.685370741482966,1.5831663326653307,3.7074148296593186,45.0,1,-1.0,0.0,2.0,3.0,4.0,5.0,6.0,7.0
2020-03-17,2.6452905811623246,1.723446893787575,3.527054108216433,56.0,1,-1.0,0.0,2.0,3.0,4.0,5.0,6.0,7.0
2020-03-18,2.7054108216432864,1.9238476953907815,3.44689378757515,77.0,1,-1.0,0.0,2.0,3.0,4.0,5.0,6.0,7.0
2020-03-19,2.3246492985971945,1.6432865731462925,2.9859719438877756,97.0,1,-1.0,0.0,2.0,3.0,4.0,5.0,6.0,7.0
2020-03-20,2.1042084168336674,1.503006012024048,2.7054108216432864,111.0,1,-1.0,0.0,2.0,3.0,4.0,5.0,6.0,7.0
2020-03-21,2.1843687374749496,1.6232464929859718,2.7054108216432864,150.0,1,-1.0,0.0,2.0,3.0,4.0,5.0,6.0,7.0
2020-03-22,1.9839679358717435,1.4829659318637274,2.464929859719439,172.0,1,-1.0,0.0,2.0,3.0,4.0,5.0,6.0,7.0
2020-03-23,2.244488977955912,1.8036072144288577,2.685370741482966,229.0,1,-1.0,0.0,2.0,3.0,4.0,5.0,6.0,7.0
2020-03-24,2.3647294589178354,1.9839679358717435,2.7454909819639277,315.0,1,-1.0,0.0,2.0,3.0,4.0,5.0,6.0,7.0
2020-03-25,2.284569138276553,1.9438877755511021,2.6252505010020037,374.0,1,-1.0,0.0,2.0,3.0,4.0,5.0,6.0,7.0
2020-03-26,2.2044088176352705,1.9038076152304608,2.50501002004008,468.0,1,-1.0,0.0,2.0,3.0,4.0,5.0,6.0,7.0
2020-03-27,1.9438877755511021,1.6633266533066131,2.2044088176352705,544.0,1,-1.0,0.0,2.0,3.0,4.0,5.0,6.0,7.0
2020-03-28,1.8436873747494988,1.6032064128256511,2.1042084168336674,620.0,1,-1.0,0.0,2.0,3.0,4.0,5.0,6.0,7.0
2020-03-29,1.6432865731462925,1.4028056112224447,1.8837675350701402,686.0,1,-1.0,0.0,2.0,3.0,4.0,5.0,6.0,7.0
2020-03-30,1.5430861723446894,1.3226452905811623,1.7635270541082164,748.0,1,-1.0,0.0,2.0,3.0,4.0,5.0,6.0,7.0
2020-03-31,1.4829659318637274,1.2625250501002003,1.6833667334669338,816.0,1,-1.0,0.0,2.0,3.0,4.0,5.0,6.0,7.0
2020-04-01,1.4629258517034067,1.2625250501002003,1.6833667334669338,899.0,1,-1.0,0.0,2.0,3.0,4.0,5.0,6.0,7.0
2020-04-02,1.5430861723446894,1.342685370741483,1.7434869739478958,1021.0,1,-1.0,0.0,2.0,3.0,4.0,5.0,6.0,7.0
2020-04-03,1.5430861723446894,1.342685370741483,1.723446893787575,1113.0,1,-1.0,0.0,2.0,3.0,4.0,5.0,6.0,7.0
2020-04-04,1.342685370741483,1.1623246492985972,1.5230460921843687,1105.0,1,-1.0,0.0,2.0,3.0,4.0,5.0,6.0,7.0
2020-04-05,1.442885771543086,1.282565130260521,1.6232464929859718,1313.0,1,-1.0,0.0,2.0,3.0,4.0,5.0,6.0,7.0
2020-04-06,1.3026052104208417,1.122244488977956,1.4629258517034067,1318.0,1,-1.0,0.0,2.0,3.0,4.0,5.0,6.0,7.0
2020-04-07,1.3226452905811623,1.1623246492985972,1.4829659318637274,1351.0,1,-1.0,0.0,2.0,3.0,4.0,5.0,6.0,7.0
2020-04-08,1.0821643286573146,0.9218436873747494,1.2424849699398797,1374.0,1,-1.0,0.0,2.0,3.0,4.0,5.0,6.0,7.0
2020-04-09,1.0420841683366733,0.8817635270541082,1.2024048096192383,1356.0,1,-1.0,0.0,2.0,3.0,4.0,5.0,6.0,7.0
2020-04-10,1.0420841683366733,0.8817635270541082,1.2024048096192383,1382.0,1,-1.0,0.0,2.0,3.0,4.0,5.0,6.0,7.0
2020-04-11,1.062124248496994,0.9018036072144289,1.222444889779559,1429.0,1,-1.0,0.0,2.0,3.0,4.0,5.0,6.0,7.0
2020-04-12,0.8817635270541082,0.721442885771543,1.0420841683366733,1259.0,1,-1.0,0.0,2.0,3.0,4.0,5.0,6.0,7.0
2020-04-13,0.9018036072144289,0.7414829659318637,1.062124248496994,1307.0,1,-1.0,0.0,2.0,3.0,4.0,5.0,6.0,7.0
2020-04-14,0.8216432865731462,0.6613226452905812,1.002004008016032,1301.0,1,-1.0,0.0,2.0,3.0,4.0,5.0,6.0,7.0
2020-04-15,1.0220440881763526,0.8617234468937875,1.2024048096192383,1282.0,1,-1.0,0.0,2.0,3.0,4.0,5.0,6.0,7.0
2020-04-16,1.122244488977956,0.9619238476953907,1.282565130260521,1396.0,1,-1.0,0.0,2.0,3.0,4.0,5.0,6.0,7.0
2020-04-17,1.2625250501002003,1.1022044088176353,1.4228456913827654,1510.0,1,-1.0,0.0,2.0,3.0,4.0,5.0,6.0,7.0
2020-04-18,1.3827655310621243,1.2424849699398797,1.5430861723446894,1605.0,1,-1.0,0.0,2.0,3.0,4.0,5.0,6.0,7.0
2020-04-19,1.3026052104208417,1.1623246492985972,1.4629258517034067,1672.0,1,-1.0,0.0,2.0,3.0,4.0,5.0,6.0,7.0
2020-04-20,1.2424849699398797,1.1022044088176353,1.3827655310621243,1741.0,1,-1.0,0.0,2.0,3.0,4.0,5.0,6.0,7.0
2020-04-21,1.1623246492985972,1.0220440881763526,1.3026052104208417,1773.0,1,-1.0,0.0,2.0,3.0,4.0,5.0,6.0,7.0
2020-04-22,1.1823647294589177,1.0420841683366733,1.3226452905811623,1858.0,1,-1.0,0.0,2.0,3.0,4.0,5.0,6.0,7.0
2020-04-23,1.0420841683366733,0.9018036072144289,1.1623246492985972,1776.0,1,-1.0,0.0,2.0,3.0,4.0,5.0,6.0,7.0
2020-04-24,0.9819639278557114,0.8416833667334669,1.122244488977956,1761.0,1,-1.0,0.0,2.0,3.0,4.0,5.0,6.0,7.0
2020-04-25,0.9018036072144289,0.7615230460921844,1.0420841683366733,1758.0,1,-1.0,0.0,2.0,3.0,4.0,5.0,6.0,7.0
2020-04-26,1.002004008016032,0.8617234468937875,1.1422845691382766,1770.0,1,-1.0,0.0,2.0,3.0,4.0,5.0,6.0,7.0
2020-04-27,0.9418837675350701,0.8016032064128256,1.0821643286573146,1700.0,1,-1.0,0.0,2.0,3.0,4.0,5.0,6.0,7.0
2020-04-28,0.9018036072144289,0.7615230460921844,1.0420841683366733,1654.0,1,-1.0,0.0,2.0,3.0,4.0,5.0,6.0,7.0
2020-04-29,0.8216432865731462,0.6813627254509018,0.9619238476953907,1593.0,1,-1.0,0.0,2.0,3.0,4.0,5.0,6.0,7.0
2020-04-30,0.8817635270541082,0.7414829659318637,1.0220440881763526,1593.0,1,-1.0,0.0,2.0,3.0,4.0,5.0,6.0,7.0
2020-05-01,0.9619238476953907,0.8216432865731462,1.122244488977956,1627.0,1,-1.0,0.0,2.0,3.0,4.0,5.0,6.0,7.0
2020-05-02,1.062124248496994,0.9218436873747494,1.2024048096192383,1650.0,1,-1.0,0.0,2.0,3.0,4.0,5.0,6.0,7.0
2020-05-03,1.1623246492985972,1.0220440881763526,1.3226452905811623,1756.0,1,-1.0,0.0,2.0,3.0,4.0,5.0,6.0,7.0
2020-05-04,1.1623246492985972,1.002004008016032,1.3026052104208417,1777.0,1,-1.0,0.0,2.0,3.0,4.0,5.0,6.0,7.0
2020-05-05,1.1022044088176353,0.9619238476953907,1.2424849699398797,1761.0,1,-1.0,0.0,2.0,3.0,4.0,5.0,6.0,7.0
2020-05-06,0.9619238476953907,0.8216432865731462,1.1022044088176353,1723.0,1,-1.0,0.0,2.0,3.0,4.0,5.0,6.0,7.0
2020-05-07,0.9018036072144289,0.7615230460921844,1.0420841683366733,1681.0,1,-1.0,0.0,2.0,3.0,4.0,5.0,6.0,7.0
2020-05-08,0.8416833667334669,0.7014028056112224,0.9819639278557114,1605.0,1,-1.0,0.0,2.0,3.0,4.0,5.0,6.0,7.0
2020-05-09,0.8016032064128256,0.6613226452905812,0.9418837675350701,1534.0,1,-1.0,0.0,2.0,3.0,4.0,5.0,6.0,7.0
2020-05-10,0.6613226452905812,0.5210420841683366,0.8216432865731462,1384.0,1,-1.0,0.0,2.0,3.0,4.0,5.0,6.0,7.0
2020-05-11,0.7014028056112224,0.5410821643286573,0.8416833667334669,1345.0,1,-1.0,0.0,2.0,3.0,4.0,5.0,6.0,7.0
2020-05-12,0.721442885771543,0.561122244488978,0.8817635270541082,1313.0,1,-1.0,0.0,2.0,3.0,4.0,5.0,6.0,7.0
2020-05-13,0.8416833667334669,0.6613226452905812,1.002004008016032,1257.0,1,-1.0,0.0,2.0,3.0,4.0,5.0,6.0,7.0
2020-05-14,0.8216432865731462,0.6613226452905812,0.9819639278557114,1213.0,1,-1.0,0.0,2.0,3.0,4.0,5.0,6.0,7.0
2020-05-15,0.8216432865731462,0.6412825651302605,0.9819639278557114,1180.0,1,-1.0,0.0,2.0,3.0,4.0,5.0,6.0,7.0
2020-05-16,0.8817635270541082,0.721442885771543,1.062124248496994,1181.0,1,-1.0,0.0,2.0,3.0,4.0,5.0,6.0,7.0
2020-05-17,0.9418837675350701,0.781563126252505,1.122244488977956,1180.0,1,-1.0,0.0,2.0,3.0,4.0,5.0,6.0,7.0
2020-05-18,0.9819639278557114,0.8216432865731462,1.1623246492985972,1171.0,1,-1.0,0.0,2.0,3.0,4.0,5.0,6.0,7.0
2020-05-19,0.9619238476953907,0.8016032064128256,1.1422845691382766,1159.0,1,-1.0,0.0,2.0,3.0,4.0,5.0,6.0,7.0
2020-05-20,0.9418837675350701,0.781563126252505,1.122244488977956,1144.0,1,-1.0,0.0,2.0,3.0,4.0,5.0,6.0,7.0
2020-05-21,0.9418837675350701,0.7615230460921844,1.1022044088176353,1131.0,1,-1.0,0.0,2.0,3.0,4.0,5.0,6.0,7.0
2020-05-22,0.9619238476953907,0.781563126252505,1.122244488977956,1130.0,1,-1.0,0.0,2.0,3.0,4.0,5.0,6.0,7.0
2020-05-23,0.9819639278557114,0.8016032064128256,1.1623246492985972,1131.0,1,-1.0,0.0,2.0,3.0,4.0,5.0,6.0,7.0
2020-05-24,0.9819639278557114,0.8016032064128256,1.1623246492985972,1121.0,1,-1.0,0.0,2.0,3.0,4.0,5.0,6.0,7.0
2020-05-25,0.9819639278557114,0.8016032064128256,1.1422845691382766,1113.0,1,-1.0,0.0,2.0,3.0,4.0,5.0,6.0,7.0
2020-05-26,0.9418837675350701,0.7615230460921844,1.122244488977956,1093.0,1,-1.0,0.0,2.0,3.0,4.0,5.0,6.0,7.0
2020-05-27,0.9018036072144289,0.721442885771543,1.0821643286573146,1060.0,1,-1.0,0.0,2.0,3.0,4.0,5.0,6.0,7.0
2020-05-28,0.8617234468937875,0.6813627254509018,1.0420841683366733,1025.0,1,-1.0,0.0,2.0,3.0,4.0,5.0,6.0,7.0
2020-05-29,0.8216432865731462,0.6412825651302605,1.002004008016032,987.0,1,-1.0,0.0,2.0,3.0,4.0,5.0,6.0,7.0
2020-05-30,0.781563126252505,0.6012024048096192,0.9819639278557114,939.0,1,-1.0,0.0,2.0,3.0,4.0,5.0,6.0,7.0
2020-05-31,0.8016032064128256,0.6012024048096192,0.9819639278557114,914.0,1,-1.0,0.0,2.0,3.0,4.0,5.0,6.0,7.0
2020-06-01,0.8016032064128256,0.6012024048096192,1.002004008016032,882.0,1,-1.0,0.0,2.0,3.0,4.0,5.0,6.0,7.0
2020-06-02,0.8016032064128256,0.6012024048096192,1.002004008016032,841.0,1,-1.0,0.0,2.0,3.0,4.0,5.0,6.0,7.0
2020-06-03,0.781563126252505,0.5811623246492986,0.9819639278557114,804.0,1,-1.0,0.0,2.0,3.0,4.0,5.0,6.0,7.0
2020-06-04,0.721442885771543,0.5210420841683366,0.9418837675350701,755.0,1,-1.0,0.0,2.0,3.0,4.0,5.0,6.0,7.0
2020-06-05,0.721442885771543,0.5210420841683366,0.9418837675350701,719.0,1,-1.0,0.0,2.0,3.0,4.0,5.0,6.0,7.0
2020-06-06,0.721442885771543,0.501002004008016,0.9418837675350701,684.0,1,-1.0,0.0,2.0,3.0,4.0,5.0,6.0,7.0
2020-06-07,0.781563126252505,0.5410821643286573,1.002004008016032,664.0,1,-1.0,0.0,2.0,3.0,4.0,5.0,6.0,7.0
2020-06-08,0.8016032064128256,0.561122244488978,1.0220440881763526,640.0,1,-1.0,0.0,2.0,3.0,4.0,5.0,6.0,7.0
2020-06-09,0.8216432865731462,0.5811623246492986,1.0420841683366733,615.0,1,-1.0,0.0,2.0,3.0,4.0,5.0,6.0,7.0
2020-06-10,0.781563126252505,0.5410821643286573,1.0220440881763526,588.0,1,-1.0,0.0,2.0,3.0,4.0,5.0,6.0,7.0
2020-06-11,0.7615230460921844,0.5210420841683366,1.002004008016032,558.0,1,-1.0,0.0,2.0,3.0,4.0,5.0,6.0,7.0
2020-06-12,0.721442885771543,0.4609218436873747,0.9619238476953907,523.0,1,-1.0,0.0,2.0,3.0,4.0,5.0,6.0,7.0
2020-06-13,0.721442885771543,0.4609218436873747,0.9819639278557114,501.0,1,-1.0,0.0,2.0,3.0,4.0,5.0,6.0,7.0
2020-06-14,0.6613226452905812,0.4008016032064128,0.9218436873747494,459.0,1,-1.0,0.0,2.0,3.0,4.0,5.0,6.0,7.0
2020-06-15,0.6613226452905812,0.3807615230460922,0.9218436873747494,429.0,1,-1.0,0.0,2.0,3.0,4.0,5.0,6.0,7.0
2020-06-16,0.6412825651302605,0.3607214428857715,0.9218436873747494,408.0,1,-1.0,0.0,2.0,3.0,4.0,5.0,6.0,7.0
2020-06-17,0.721442885771543,0.4408817635270541,1.0220440881763526,393.0,1,-1.0,0.0,2.0,3.0,4.0,5.0,6.0,7.0
2020-06-18,0.8016032064128256,0.501002004008016,1.1022044088176353,383.0,1,-1.0,0.0,2.0,3.0,4.0,5.0,6.0,7.0
2020-06-19,0.8817635270541082,0.5811623246492986,1.1823647294589177,382.0,1,-1.0,0.0,2.0,3.0,4.0,5.0,6.0,7.0
2020-06-20,0.9619238476953907,0.6613226452905812,1.2625250501002003,386.0,1,-1.0,0.0,2.0,3.0,4.0,5.0,6.0,7.0
2020-06-21,1.0220440881763526,0.721442885771543,1.3226452905811623,387.0,1,-1.0,0.0,2.0,3.0,4.0,5.0,6.0,7.0
2020-06-22,1.0220440881763526,0.721442885771543,1.3226452905811623,386.0,1,-1.0,0.0,2.0,3.0,4.0,5.0,6.0,7.0
2020-06-23,1.002004008016032,0.7014028056112224,1.282565130260521,385.0,1,-1.0,0.0,2.0,3.0,4.0,5.0,6.0,7.0
2020-06-24,0.9218436873747494,0.6212424849699398,1.222444889779559,371.0,1,-1.0,0.0,2.0,3.0,4.0,5.0,6.0,7.0
2020-06-25,0.9018036072144289,0.5811623246492986,1.2024048096192383,364.0,1,-1.0,0.0,2.0,3.0,4.0,5.0,6.0,7.0
2020-06-26,0.7414829659318637,0.4408817635270541,1.062124248496994,333.0,1,-1.0,0.0,2.0,3.0,4.0,5.0,6.0,7.0
2020-06-27,0.6813627254509018,0.3607214428857715,1.002004008016032,307.0,1,-1.0,0.0,2.0,3.0,4.0,5.0,6.0,7.0
2020-06-28,0.6613226452905812,0.32064128256513025,0.9819639278557114,300.0,1,-1.0,0.0,2.0,3.0,4.0,5.0,6.0,7.0
2020-06-29,0.9619238476953907,0.6212424849699398,1.3026052104208417,327.0,1,-1.0,0.0,2.0,3.0,4.0,5.0,6.0,7.0
2020-06-30,1.122244488977956,0.781563126252505,1.442885771543086,328.0,1,-1.0,0.0,2.0,3.0,4.0,5.0,6.0,7.0
2020-07-01,1.122244488977956,0.8016032064128256,1.442885771543086,323.0,1,-1.0,0.0,2.0,3.0,4.0,5.0,6.0,7.0
2020-07-02,0.9819639278557114,0.6613226452905812,1.3026052104208417,325.0,1,-1.0,0.0,2.0,3.0,4.0,5.0,6.0,7.0
2020-07-03,1.0420841683366733,0.721442885771543,1.3627254509018036,338.0,1,-1.0,0.0,2.0,3.0,4.0,5.0,6.0,7.0
2020-07-04,1.0220440881763526,0.7014028056112224,1.342685370741483,328.0,1,-1.0,0.0,2.0,3.0,4.0,5.0,6.0,7.0
2020-07-05,0.9018036072144289,0.561122244488978,1.222444889779559,305.0,1,-1.0,0.0,2.0,3.0,4.0,5.0,6.0,7.0
2020-07-06,0.6813627254509018,0.3406813627254509,1.0220440881763526,281.0,1,-1.0,0.0,2.0,3.0,4.0,5.0,6.0,7.0
2020-07-07,0.7014028056112224,0.3607214428857715,1.0420841683366733,278.0,1,-1.0,0.0,2.0,3.0,4.0,5.0,6.0,7.0
2020-07-08,0.9018036072144289,0.5410821643286573,1.2424849699398797,288.0,1,-1.0,0.0,2.0,3.0,4.0,5.0,6.0,7.0
2020-07-09,1.0220440881763526,0.6813627254509018,1.3827655310621243,286.0,1,-1.0,0.0,2.0,3.0,4.0,5.0,6.0,7.0
2020-07-10,1.0821643286573146,0.721442885771543,1.4228456913827654,291.0,1,-1.0,0.0,2.0,3.0,4.0,5.0,6.0,7.0
2020-07-11,0.9819639278557114,0.6412825651302605,1.342685370741483,287.0,1,-1.0,0.0,2.0,3.0,4.0,5.0,6.0,7.0
2020-07-12,0.9619238476953907,0.6212424849699398,1.3026052104208417,281.0,1,-1.0,0.0,2.0,3.0,4.0,5.0,6.0,7.0
2020-07-13,1.062124248496994,0.7014028056112224,1.4028056112224447,300.0,1,-1.0,0.0,2.0,3.0,4.0,5.0,6.0,7.0
2020-07-14,1.2024048096192383,0.8617234468937875,1.5430861723446894,323.0,1,-1.0,0.0,2.0,3.0,4.0,5.0,6.0,7.0
2020-07-15,1.3026052104208417,0.9819639278557114,1.6232464929859718,336.0,1,-1.0,0.0,2.0,3.0,4.0,5.0,6.0,7.0
2020-07-16,1.3026052104208417,0.9819639278557114,1.6232464929859718,359.0,1,-1.0,0.0,2.0,3.0,4.0,5.0,6.0,7.0
2020-07-17,1.282565130260521,0.9619238476953907,1.5831663326653307,379.0,1,-1.0,0.0,2.0,3.0,4.0,5.0,6.0,7.0
2020-07-18,1.282565130260521,0.9819639278557114,1.5831663326653307,398.0,1,-1.0,0.0,2.0,3.0,4.0,5.0,6.0,7.0
2020-07-19,1.1823647294589177,0.8817635270541082,1.4629258517034067,399.0,1,-1.0,0.0,2.0,3.0,4.0,5.0,6.0,7.0
2020-07-20,1.1422845691382766,0.8416833667334669,1.4228456913827654,410.0,1,-1.0,0.0,2.0,3.0,4.0,5.0,6.0,7.0
2020-07-21,1.1623246492985972,0.8817635270541082,1.442885771543086,437.0,1,-1.0,0.0,2.0,3.0,4.0,5.0,6.0,7.0
2020-07-22,1.1823647294589177,0.9018036072144289,1.4629258517034067,446.0,1,-1.0,0.0,2.0,3.0,4.0,5.0,6.0,7.0
2020-07-23,1.2424849699398797,0.9619238476953907,1.503006012024048,470.0,1,-1.0,0.0,2.0,3.0,4.0,5.0,6.0,7.0
2020-07-24,1.2625250501002003,1.002004008016032,1.5430861723446894,510.0,1,-1.0,0.0,2.0,3.0,4.0,5.0,6.0,7.0
2020-07-25,1.2625250501002003,1.002004008016032,1.5230460921843687,523.0,1,-1.0,0.0,2.0,3.0,4.0,5.0,6.0,7.0
2020-07-26,1.1623246492985972,0.9018036072144289,1.4228456913827654,519.0,1,-1.0,0.0,2.0,3.0,4.0,5.0,6.0,7.0
2020-07-27,0.9819639278557114,0.721442885771543,1.2424849699398797,504.0,1,-1.0,0.0,2.0,3.0,4.0,5.0,6.0,7.0
2020-07-28,0.8817635270541082,0.6212424849699398,1.1422845691382766,491.0,1,-1.0,0.0,2.0,3.0,4.0,5.0,6.0,7.0
2020-07-29,0.9418837675350701,0.6613226452905812,1.2024048096192383,501.0,1,-1.0,0.0,2.0,3.0,4.0,5.0,6.0,7.0
2020-07-30,0.8617234468937875,0.6012024048096192,1.1422845691382766,467.0,1,-1.0,0.0,2.0,3.0,4.0,5.0,6.0,7.0
2020-07-31,0.8617234468937875,0.6012024048096192,1.1422845691382766,455.0,1,-1.0,0.0,2.0,3.0,4.0,5.0,6.0,7.0
2020-08-01,0.781563126252505,0.5210420841683366,1.062124248496994,445.0,1,-1.0,0.0,2.0,3.0,4.0,5.0,6.0,7.0
2020-08-02,0.8416833667334669,0.561122244488978,1.122244488977956,425.0,1,-1.0,0.0,2.0,3.0,4.0,5.0,6.0,7.0
2020-08-03,0.6412825651302605,0.3406813627254509,0.9218436873747494,366.0,1,-1.0,0.0,2.0,3.0,4.0,5.0,6.0,7.0
2020-08-04,0.721442885771543,0.42084168336673344,1.0220440881763526,381.0,1,-1.0,0.0,2.0,3.0,4.0,5.0,6.0,7.0
2020-08-05,0.7615230460921844,0.4408817635270541,1.062124248496994,372.0,1,-1.0,0.0,2.0,3.0,4.0,5.0,6.0,7.0
2020-08-06,1.062124248496994,0.7615230460921844,1.3627254509018036,379.0,1,-1.0,0.0,2.0,3.0,4.0,5.0,6.0,7.0
2020-08-07,1.002004008016032,0.7014028056112224,1.3026052104208417,381.0,1,-1.0,0.0,2.0,3.0,4.0,5.0,6.0,7.0
2020-08-08,1.0821643286573146,0.781563126252505,1.3827655310621243,391.0,1,-1.0,0.0,2.0,3.0,4.0,5.0,6.0,7.0
2020-08-09,1.0220440881763526,0.721442885771543,1.3226452905811623,385.0,1,-1.0,0.0,2.0,3.0,4.0,5.0,6.0,7.0
2020-08-10,1.1623246492985972,0.8617234468937875,1.4629258517034067,419.0,1,-1.0,0.0,2.0,3.0,4.0,5.0,6.0,7.0
2020-08-11,0.9819639278557114,0.6813627254509018,1.2625250501002003,386.0,1,-1.0,0.0,2.0,3.0,4.0,5.0,6.0,7.0
2020-08-12,0.9819639278557114,0.7014028056112224,1.282565130260521,383.0,1,-1.0,0.0,2.0,3.0,4.0,5.0,6.0,7.0
2020-08-13,0.9018036072144289,0.6012024048096192,1.2024048096192383,396.0,1,-1.0,0.0,2.0,3.0,4.0,5.0,6.0,7.0
2020-08-14,1.0420841683366733,0.7414829659318637,1.3226452905811623,394.0,1,-1.0,0.0,2.0,3.0,4.0,5.0,6.0,7.0
2020-08-15,1.0420841683366733,0.7414829659318637,1.3226452905811623,392.0,1,-1.0,0.0,2.0,3.0,4.0,5.0,6.0,7.0
2020-08-16,0.9018036072144289,0.6012024048096192,1.2024048096192383,376.0,1,-1.0,0.0,2.0,3.0,4.0,5.0,6.0,7.0
2020-08-17,0.6412825651302605,0.3406813627254509,0.9619238476953907,318.0,1,-1.0,0.0,2.0,3.0,4.0,5.0,6.0,7.0
2020-08-18,0.8416833667334669,0.5210420841683366,1.1623246492985972,361.0,1,-1.0,0.0,2.0,3.0,4.0,5.0,6.0,7.0
2020-08-19,0.9619238476953907,0.6412825651302605,1.282565130260521,370.0,1,-1.0,0.0,2.0,3.0,4.0,5.0,6.0,7.0
2020-08-20,1.1823647294589177,0.8617234468937875,1.4829659318637274,355.0,1,-1.0,0.0,2.0,3.0,4.0,5.0,6.0,7.0
2020-08-21,1.1623246492985972,0.8416833667334669,1.4629258517034067,394.0,1,-1.0,0.0,2.0,3.0,4.0,5.0,6.0,7.0
2020-08-22,1.1623246492985972,0.8617234468937875,1.4629258517034067,408.0,1,-1.0,0.0,2.0,3.0,4.0,5.0,6.0,7.0
2020-08-23,1.2424849699398797,0.9619238476953907,1.5430861723446894,412.0,1,-1.0,0.0,2.0,3.0,4.0,5.0,6.0,7.0
2020-08-24,1.2424849699398797,0.9619238476953907,1.5230460921843687,454.0,1,-1.0,0.0,2.0,3.0,4.0,5.0,6.0,7.0
2020-08-25,1.002004008016032,0.7014028056112224,1.282565130260521,407.0,1,-1.0,0.0,2.0,3.0,4.0,5.0,6.0,7.0
2020-08-26,1.062124248496994,0.781563126252505,1.342685370741483,428.0,1,-1.0,0.0,2.0,3.0,4.0,5.0,6.0,7.0
2020-08-27,1.002004008016032,0.7014028056112224,1.282565130260521,453.0,1,-1.0,0.0,2.0,3.0,4.0,5.0,6.0,7.0
2020-08-28,1.1422845691382766,0.8416833667334669,1.4028056112224447,441.0,1,-1.0,0.0,2.0,3.0,4.0,5.0,6.0,7.0
2020-08-29,1.0821643286573146,0.8016032064128256,1.3627254509018036,449.0,1,-1.0,0.0,2.0,3.0,4.0,5.0,6.0,7.0
2020-08-30,0.9418837675350701,0.6613226452905812,1.222444889779559,437.0,1,-1.0,0.0,2.0,3.0,4.0,5.0,6.0,7.0
2020-08-31,1.062124248496994,0.781563126252505,1.342685370741483,458.0,1,-1.0,0.0,2.0,3.0,4.0,5.0,6.0,7.0
2020-09-01,1.1623246492985972,0.8817635270541082,1.4228456913827654,490.0,1,-1.0,0.0,2.0,3.0,4.0,5.0,6.0,7.0
2020-09-02,1.2625250501002003,1.002004008016032,1.5230460921843687,509.0,1,-1.0,0.0,2.0,3.0,4.0,5.0,6.0,7.0
2020-09-03,1.2625250501002003,1.002004008016032,1.5230460921843687,536.0,1,-1.0,0.0,2.0,3.0,4.0,5.0,6.0,7.0
2020-09-04,1.222444889779559,0.9619238476953907,1.4829659318637274,559.0,1,-1.0,0.0,2.0,3.0,4.0,5.0,6.0,7.0
2020-09-05,1.1823647294589177,0.9418837675350701,1.442885771543086,568.0,1,-1.0,0.0,2.0,3.0,4.0,5.0,6.0,7.0
2020-09-06,1.0821643286573146,0.8416833667334669,1.3226452905811623,563.0,1,-1.0,0.0,2.0,3.0,4.0,5.0,6.0,7.0
2020-09-07,0.781563126252505,0.5210420841683366,1.0220440881763526,489.0,1,-1.0,0.0,2.0,3.0,4.0,5.0,6.0,7.0
2020-09-08,1.0420841683366733,0.781563126252505,1.282565130260521,579.0,1,-1.0,0.0,2.0,3.0,4.0,5.0,6.0,7.0
2020-09-09,1.0821643286573146,0.8216432865731462,1.3226452905811623,589.0,1,-1.0,0.0,2.0,3.0,4.0,5.0,6.0,7.0
2020-09-10,1.442885771543086,1.2024048096192383,1.6633266533066131,634.0,1,-1.0,0.0,2.0,3.0,4.0,5.0,6.0,7.0
2020-09-11,1.2625250501002003,1.0220440881763526,1.4829659318637274,670.0,1,-1.0,0.0,2.0,3.0,4.0,5.0,6.0,7.0
2020-09-12,1.282565130260521,1.062124248496994,1.503006012024048,695.0,1,-1.0,0.0,2.0,3.0,4.0,5.0,6.0,7.0
2020-09-13,1.1422845691382766,0.9218436873747494,1.3827655310621243,693.0,1,-1.0,0.0,2.0,3.0,4.0,5.0,6.0,7.0
2020-09-14,1.2625250501002003,1.0420841683366733,1.4629258517034067,773.0,1,-1.0,0.0,2.0,3.0,4.0,5.0,6.0,7.0
2020-09-15,1.0821643286573146,0.8617234468937875,1.3026052104208417,729.0,1,-1.0,0.0,2.0,3.0,4.0,5.0,6.0,7.0
2020-09-16,1.2625250501002003,1.0420841683366733,1.4829659318637274,808.0,1,-1.0,0.0,2.0,3.0,4.0,5.0,6.0,7.0
2020-09-17,1.1823647294589177,0.9619238476953907,1.3827655310621243,855.0,1,-1.0,0.0,2.0,3.0,4.0,5.0,6.0,7.0
2020-09-18,1.4228456913827654,1.222444889779559,1.6232464929859718,928.0,1,-1.0,0.0,2.0,3.0,4.0,5.0,6.0,7.0
2020-09-19,1.282565130260521,1.0821643286573146,1.4629258517034067,949.0,1,-1.0,0.0,2.0,3.0,4.0,5.0,6.0,7.0
2020-09-20,1.2625250501002003,1.0821643286573146,1.4629258517034067,999.0,1,-1.0,0.0,2.0,3.0,4.0,5.0,6.0,7.0
2020-09-21,1.2024048096192383,1.0220440881763526,1.3827655310621243,1042.0,1,-1.0,0.0,2.0,3.0,4.0,5.0,6.0,7.0
2020-09-22,1.282565130260521,1.1022044088176353,1.4629258517034067,1119.0,1,-1.0,0.0,2.0,3.0,4.0,5.0,6.0,7.0
2020-09-23,1.2625250501002003,1.0821643286573146,1.442885771543086,1164.0,1,-1.0,0.0,2.0,3.0,4.0,5.0,6.0,7.0
2020-09-24,1.2424849699398797,1.062124248496994,1.4028056112224447,1198.0,1,-1.0,0.0,2.0,3.0,4.0,5.0,6.0,7.0
2020-09-25,1.2024048096192383,1.0420841683366733,1.3827655310621243,1260.0,1,-1.0,0.0,2.0,3.0,4.0,5.0,6.0,7.0
2020-09-26,1.2024048096192383,1.0420841683366733,1.3627254509018036,1310.0,1,-1.0,0.0,2.0,3.0,4.0,5.0,6.0,7.0
2020-09-27,1.2024048096192383,1.0420841683366733,1.3627254509018036,1348.0,1,-1.0,0.0,2.0,3.0,4.0,5.0,6.0,7.0
2020-09-28,1.122244488977956,0.9619238476953907,1.282565130260521,1361.0,1,-1.0,0.0,2.0,3.0,4.0,5.0,6.0,7.0
2020-09-29,1.1823647294589177,1.0220440881763526,1.3226452905811623,1446.0,1,-1.0,0.0,2.0,3.0,4.0,5.0,6.0,7.0
2020-09-30,1.282565130260521,1.1422845691382766,1.442885771543086,1586.0,1,-1.0,0.0,2.0,3.0,4.0,5.0,6.0,7.0
2020-10-01,1.3827655310621243,1.222444889779559,1.5230460921843687,1694.0,1,-1.0,0.0,2.0,3.0,4.0,5.0,6.0,7.0
2020-10-02,1.3627254509018036,1.222444889779559,1.503006012024048,1784.0,1,-1.0,0.0,2.0,3.0,4.0,5.0,6.0,7.0
2020-10-03,1.2424849699398797,1.1022044088176353,1.3827655310621243,1831.0,1,-1.0,0.0,2.0,3.0,4.0,5.0,6.0,7.0
2020-10-04,1.1623246492985972,1.0420841683366733,1.3026052104208417,1872.0,1,-1.0,0.0,2.0,3.0,4.0,5.0,6.0,7.0
2020-10-05,1.1823647294589177,1.0420841683366733,1.3226452905811623,1983.0,1,-1.0,0.0,2.0,3.0,4.0,5.0,6.0,7.0
2020-10-06,1.222444889779559,1.0821643286573146,1.342685370741483,2073.0,1,-1.0,0.0,2.0,3.0,4.0,5.0,6.0,7.0
2020-10-07,1.1623246492985972,1.0420841683366733,1.3026052104208417,2067.0,1,-1.0,0.0,2.0,3.0,4.0,5.0,6.0,7.0
2020-10-08,1.122244488977956,1.002004008016032,1.2625250501002003,2140.0,1,-1.0,0.0,2.0,3.0,4.0,5.0,6.0,7.0
2020-10-09,1.1422845691382766,1.002004008016032,1.2625250501002003,2239.0,1,-1.0,0.0,2.0,3.0,4.0,5.0,6.0,7.0
